<?xml version="1.0" encoding="UTF-8"?>
<root>
  <item name="cn.qqtheme.framework.picker.DatePicker DatePicker(android.app.Activity, int) 1">
    <annotation name="android.support.annotation.IntDef">
      <val name="value" val="{cn.qqtheme.framework.picker.DateTimePicker.NONE, cn.qqtheme.framework.picker.DateTimePicker.YEAR_MONTH_DAY, cn.qqtheme.framework.picker.DateTimePicker.YEAR_MONTH, cn.qqtheme.framework.picker.DateTimePicker.MONTH_DAY}" />
    </annotation>
  </item>
  <item name="cn.qqtheme.framework.picker.DateTimePicker DateTimePicker(android.app.Activity, int) 1">
    <annotation name="android.support.annotation.IntDef">
      <val name="value" val="{cn.qqtheme.framework.picker.DateTimePicker.NONE, cn.qqtheme.framework.picker.DateTimePicker.HOUR_24, cn.qqtheme.framework.picker.DateTimePicker.HOUR_12}" />
    </annotation>
  </item>
  <item name="cn.qqtheme.framework.picker.DateTimePicker DateTimePicker(android.app.Activity, int, int) 1">
    <annotation name="android.support.annotation.IntDef">
      <val name="value" val="{cn.qqtheme.framework.picker.DateTimePicker.NONE, cn.qqtheme.framework.picker.DateTimePicker.YEAR_MONTH_DAY, cn.qqtheme.framework.picker.DateTimePicker.YEAR_MONTH, cn.qqtheme.framework.picker.DateTimePicker.MONTH_DAY}" />
    </annotation>
  </item>
  <item name="cn.qqtheme.framework.picker.DateTimePicker DateTimePicker(android.app.Activity, int, int) 2">
    <annotation name="android.support.annotation.IntDef">
      <val name="value" val="{cn.qqtheme.framework.picker.DateTimePicker.NONE, cn.qqtheme.framework.picker.DateTimePicker.HOUR_24, cn.qqtheme.framework.picker.DateTimePicker.HOUR_12}" />
    </annotation>
  </item>
  <item name="cn.qqtheme.framework.picker.DateTimePicker.DateMode">
    <annotation name="android.support.annotation.IntDef">
      <val name="value" val="{cn.qqtheme.framework.picker.DateTimePicker.NONE, cn.qqtheme.framework.picker.DateTimePicker.YEAR_MONTH_DAY, cn.qqtheme.framework.picker.DateTimePicker.YEAR_MONTH, cn.qqtheme.framework.picker.DateTimePicker.MONTH_DAY}" />
    </annotation>
  </item>
  <item name="cn.qqtheme.framework.picker.DateTimePicker.TimeMode">
    <annotation name="android.support.annotation.IntDef">
      <val name="value" val="{cn.qqtheme.framework.picker.DateTimePicker.NONE, cn.qqtheme.framework.picker.DateTimePicker.HOUR_24, cn.qqtheme.framework.picker.DateTimePicker.HOUR_12}" />
    </annotation>
  </item>
  <item name="cn.qqtheme.framework.picker.TimePicker TimePicker(android.app.Activity, int) 1">
    <annotation name="android.support.annotation.IntDef">
      <val name="value" val="{cn.qqtheme.framework.picker.DateTimePicker.NONE, cn.qqtheme.framework.picker.DateTimePicker.HOUR_24, cn.qqtheme.framework.picker.DateTimePicker.HOUR_12}" />
    </annotation>
  </item>
</root>

